impurity,epsilon,p,delta_a,delta_b,v_a,v_b,v_diff,curvature,exact_margin,predicted_margin,absolute_error,relative_error
gini,,0.25,0.02,0.01,0.0004,0.0001,0.00030000000000000003,8.0,0.0012000000000000899,0.0012000000000000001,8.977193988179977e-17,7.48099499014942e-14
gini,,0.25,0.05,0.025,0.0025000000000000005,0.0006250000000000001,0.0018750000000000004,8.0,0.007500000000000062,0.0075000000000000015,6.071532165918825e-17,8.095376221225032e-15
gini,,0.25,0.08,0.04,0.0064,0.0016,0.0048000000000000004,8.0,0.019199999999999995,0.019200000000000002,6.938893903907228e-18,3.6140072416183493e-16
gini,,0.3,0.02,0.01,0.0004,0.0001,0.00030000000000000003,8.0,0.0011999999999999789,0.0012000000000000001,2.1250362580715887e-17,1.770863548393022e-14
gini,,0.3,0.05,0.025,0.0025000000000000005,0.0006250000000000001,0.0018750000000000004,8.0,0.007500000000000062,0.0075000000000000015,6.071532165918825e-17,8.095376221225032e-15
gini,,0.3,0.08,0.04,0.0064,0.0016,0.0048000000000000004,8.0,0.019199999999999995,0.019200000000000002,6.938893903907228e-18,3.6140072416183493e-16
gini,,0.35,0.02,0.01,0.0004,0.0001,0.00030000000000000003,8.0,0.0011999999999999789,0.0012000000000000001,2.1250362580715887e-17,1.770863548393022e-14
gini,,0.35,0.05,0.025,0.0025000000000000005,0.0006250000000000001,0.0018750000000000004,8.0,0.007499999999999951,0.0075000000000000015,5.0306980803327406e-17,6.707597440443698e-15
gini,,0.35,0.08,0.04,0.0064,0.0016,0.0048000000000000004,8.0,0.019199999999999995,0.019200000000000002,6.938893903907228e-18,3.6140072416183493e-16
gini,,0.4,0.02,0.01,0.0004,0.0001,0.00030000000000000003,8.0,0.0011999999999999789,0.0012000000000000001,2.1250362580715887e-17,1.770863548393022e-14
gini,,0.4,0.05,0.025,0.0025000000000000005,0.0006250000000000001,0.0018750000000000004,8.0,0.007500000000000062,0.0075000000000000015,6.071532165918825e-17,8.095376221225032e-15
gini,,0.4,0.08,0.04,0.0064,0.0016,0.0048000000000000004,8.0,0.019199999999999995,0.019200000000000002,6.938893903907228e-18,3.6140072416183493e-16
gini,,0.45,0.02,0.01,0.0004,0.0001,0.00030000000000000003,8.0,0.0012000000000000899,0.0012000000000000001,8.977193988179977e-17,7.48099499014942e-14
gini,,0.45,0.05,0.025,0.0025000000000000005,0.0006250000000000001,0.0018750000000000004,8.0,0.007499999999999951,0.0075000000000000015,5.0306980803327406e-17,6.707597440443698e-15
gini,,0.45,0.08,0.04,0.0064,0.0016,0.0048000000000000004,8.0,0.019200000000000106,0.019200000000000002,1.0408340855860843e-16,5.421010862427492e-15
gini,,0.5,0.02,0.01,0.0004,0.0001,0.00030000000000000003,8.0,0.0012000000000000899,0.0012000000000000001,8.977193988179977e-17,7.48099499014942e-14
gini,,0.5,0.05,0.025,0.0025000000000000005,0.0006250000000000001,0.0018750000000000004,8.0,0.007499999999999951,0.0075000000000000015,5.0306980803327406e-17,6.707597440443698e-15
gini,,0.5,0.08,0.04,0.0064,0.0016,0.0048000000000000004,8.0,0.019199999999999995,0.019200000000000002,6.938893903907228e-18,3.6140072416183493e-16
gini,,0.55,0.02,0.01,0.0004,0.0001,0.00030000000000000003,8.0,0.0012000000000000899,0.0012000000000000001,8.977193988179977e-17,7.48099499014942e-14
gini,,0.55,0.05,0.025,0.0025000000000000005,0.0006250000000000001,0.0018750000000000004,8.0,0.007499999999999951,0.0075000000000000015,5.0306980803327406e-17,6.707597440443698e-15
gini,,0.55,0.08,0.04,0.0064,0.0016,0.0048000000000000004,8.0,0.019199999999999995,0.019200000000000002,6.938893903907228e-18,3.6140072416183493e-16
gini,,0.6000000000000001,0.02,0.01,0.0004,0.0001,0.00030000000000000003,8.0,0.0011999999999999789,0.0012000000000000001,2.1250362580715887e-17,1.770863548393022e-14
gini,,0.6000000000000001,0.05,0.025,0.0025000000000000005,0.0006250000000000001,0.0018750000000000004,8.0,0.007499999999999951,0.0075000000000000015,5.0306980803327406e-17,6.707597440443698e-15
gini,,0.6000000000000001,0.08,0.04,0.0064,0.0016,0.0048000000000000004,8.0,0.019199999999999995,0.019200000000000002,6.938893903907228e-18,3.6140072416183493e-16
gini,,0.65,0.02,0.01,0.0004,0.0001,0.00030000000000000003,8.0,0.0011999999999999789,0.0012000000000000001,2.1250362580715887e-17,1.770863548393022e-14
gini,,0.65,0.05,0.025,0.0025000000000000005,0.0006250000000000001,0.0018750000000000004,8.0,0.007500000000000062,0.0075000000000000015,6.071532165918825e-17,8.095376221225032e-15
gini,,0.65,0.08,0.04,0.0064,0.0016,0.0048000000000000004,8.0,0.019199999999999995,0.019200000000000002,6.938893903907228e-18,3.6140072416183493e-16
gini,,0.7,0.02,0.01,0.0004,0.0001,0.00030000000000000003,8.0,0.0012000000000000899,0.0012000000000000001,8.977193988179977e-17,7.48099499014942e-14
gini,,0.7,0.05,0.025,0.0025000000000000005,0.0006250000000000001,0.0018750000000000004,8.0,0.007499999999999951,0.0075000000000000015,5.0306980803327406e-17,6.707597440443698e-15
gini,,0.7,0.08,0.04,0.0064,0.0016,0.0048000000000000004,8.0,0.019199999999999995,0.019200000000000002,6.938893903907228e-18,3.6140072416183493e-16
gini,,0.75,0.02,0.01,0.0004,0.0001,0.00030000000000000003,8.0,0.0012000000000000899,0.0012000000000000001,8.977193988179977e-17,7.48099499014942e-14
gini,,0.75,0.05,0.025,0.0025000000000000005,0.0006250000000000001,0.0018750000000000004,8.0,0.007499999999999951,0.0075000000000000015,5.0306980803327406e-17,6.707597440443698e-15
gini,,0.75,0.08,0.04,0.0064,0.0016,0.0048000000000000004,8.0,0.019199999999999995,0.019200000000000002,6.938893903907228e-18,3.6140072416183493e-16
entropy,,0.25,0.02,0.01,0.0004,0.0001,0.00030000000000000003,7.694373551407804,0.0011553560612134195,0.0011541560327111707,1.2000285022487674e-06,0.0010386655183930314
entropy,,0.25,0.05,0.025,0.0025000000000000005,0.0006250000000000001,0.0018750000000000004,7.694373551407804,0.007261006594787345,0.007213475204444818,4.753139034252649e-05,0.006546115847994014
entropy,,0.25,0.08,0.04,0.0064,0.0016,0.0048000000000000004,7.694373551407804,0.018786417373365616,0.01846649652337873,0.0003199208499868843,0.017029369870194145
entropy,,0.3,0.02,0.01,0.0004,0.0001,0.00030000000000000003,6.86997638518554,0.0010312182163182415,0.0010304964577778312,7.217585404103565e-07,0.0006999086410510193
entropy,,0.3,0.05,0.025,0.0025000000000000005,0.0006250000000000001,0.0018750000000000004,6.86997638518554,0.006469060495578938,0.0064406028611114444,2.8457634467493262e-05,0.0043990366896308475
entropy,,0.3,0.08,0.04,0.0064,0.0016,0.0048000000000000004,6.86997638518554,0.01667777613869137,0.0164879433244453,0.00018983281424607076,0.011382381719686885
entropy,,0.35,0.02,0.01,0.0004,0.0001,0.00030000000000000003,6.341516663248191,0.000951714380864277,0.0009512274994872287,4.86881377048231e-07,0.0005115835032418876
entropy,,0.35,0.05,0.025,0.0025000000000000005,0.0006250000000000001,0.0018750000000000004,6.341516663248191,0.00596431588538493,0.00594517187179518,1.914401358974957e-05,0.003209758496638385
entropy,,0.35,0.08,0.04,0.0064,0.0016,0.0048000000000000004,6.341516663248191,0.015346666747924287,0.01521963999179566,0.0001270267561286273,0.008277156089664115
entropy,,0.4,0.02,0.01,0.0004,0.0001,0.00030000000000000003,6.0112293370373475,0.0009020500014791377,0.0009016844005556022,3.656009235355421e-07,0.000405300064227091
entropy,,0.4,0.05,0.025,0.0025000000000000005,0.0006250000000000001,0.0018750000000000004,6.0112293370373475,0.005649878092425786,0.005635527503472514,1.4350588953272216e-05,0.002539982052446509
entropy,,0.4,0.08,0.04,0.0064,0.0016,0.0048000000000000004,6.0112293370373475,0.014521858378925945,0.014426950408889635,9.490797003630994e-05,0.006535525107037261
entropy,,0.45,0.02,0.01,0.0004,0.0001,0.00030000000000000003,5.829070872278639,0.0008746671478109258,0.0008743606308417959,3.065169691298785e-07,0.00035043841522688283
entropy,,0.45,0.05,0.025,0.0025000000000000005,0.0006250000000000001,0.0018750000000000004,5.829070872278639,0.005476773605663565,0.005464753942761225,1.2019662902340057e-05,0.0021946612673400356
entropy,,0.45,0.08,0.04,0.0064,0.0016,0.0048000000000000004,5.829070872278639,0.01406911462791427,0.013989770093468735,7.934453444553499e-05,0.005639625274507962
entropy,,0.5,0.02,0.01,0.0004,0.0001,0.00030000000000000003,5.7707801635558535,0.0008659057576082541,0.0008656170245333781,2.887330748759572e-07,0.00033344630444943115
entropy,,0.5,0.05,0.025,0.0025000000000000005,0.0006250000000000001,0.0018750000000000004,5.7707801635558535,0.005421425055001761,0.0054101064033336135,1.131865166814714e-05,0.002087763190179056
entropy,,0.5,0.08,0.04,0.0064,0.0016,0.0048000000000000004,5.7707801635558535,0.013924543786572152,0.01384987239253405,7.46713940381026e-05,0.0053625738252272535
entropy,,0.55,0.02,0.01,0.0004,0.0001,0.00030000000000000003,5.82907087227864,0.0008746671478109258,0.0008743606308417961,3.0651696912966167e-07,0.00035043841522663493
entropy,,0.55,0.05,0.025,0.0025000000000000005,0.0006250000000000001,0.0018750000000000004,5.82907087227864,0.005476773605663676,0.005464753942761226,1.2019662902450212e-05,0.002194661267360104
entropy,,0.55,0.08,0.04,0.0064,0.0016,0.0048000000000000004,5.82907087227864,0.014069114627914159,0.013989770093468738,7.93445344454205e-05,0.005639625274499869
entropy,,0.6000000000000001,0.02,0.01,0.0004,0.0001,0.00030000000000000003,6.0112293370373475,0.0009020500014789157,0.0009016844005556022,3.656009233134975e-07,0.0004053000639810353
entropy,,0.6000000000000001,0.05,0.025,0.0025000000000000005,0.0006250000000000001,0.0018750000000000004,6.0112293370373475,0.005649878092425675,0.005635527503472514,1.4350588953161193e-05,0.0025399820524269084
entropy,,0.6000000000000001,0.08,0.04,0.0064,0.0016,0.0048000000000000004,6.0112293370373475,0.014521858378926056,0.014426950408889635,9.490797003642096e-05,0.006535525107044857
entropy,,0.65,0.02,0.01,0.0004,0.0001,0.00030000000000000003,6.341516663248191,0.000951714380864277,0.0009512274994872287,4.86881377048231e-07,0.0005115835032418876
entropy,,0.65,0.05,0.025,0.0025000000000000005,0.0006250000000000001,0.0018750000000000004,6.341516663248191,0.00596431588538493,0.00594517187179518,1.914401358974957e-05,0.003209758496638385
entropy,,0.65,0.08,0.04,0.0064,0.0016,0.0048000000000000004,6.341516663248191,0.015346666747924287,0.01521963999179566,0.0001270267561286273,0.008277156089664115
entropy,,0.7,0.02,0.01,0.0004,0.0001,0.00030000000000000003,6.86997638518554,0.0010312182163182415,0.0010304964577778312,7.217585404103565e-07,0.0006999086410510193
entropy,,0.7,0.05,0.025,0.0025000000000000005,0.0006250000000000001,0.0018750000000000004,6.86997638518554,0.00646906049557916,0.0064406028611114444,2.8457634467715306e-05,0.004399036689665021
entropy,,0.7,0.08,0.04,0.0064,0.0016,0.0048000000000000004,6.86997638518554,0.016677776138691258,0.0164879433244453,0.00018983281424595974,0.011382381719680304
entropy,,0.75,0.02,0.01,0.0004,0.0001,0.00030000000000000003,7.694373551407804,0.0011553560612134195,0.0011541560327111707,1.2000285022487674e-06,0.0010386655183930314
entropy,,0.75,0.05,0.025,0.0025000000000000005,0.0006250000000000001,0.0018750000000000004,7.694373551407804,0.007261006594787345,0.007213475204444818,4.753139034252649e-05,0.006546115847994014
entropy,,0.75,0.08,0.04,0.0064,0.0016,0.0048000000000000004,7.694373551407804,0.018786417373365505,0.01846649652337873,0.00031992084998677325,0.017029369870188337
restricted_quadratic_global,0.15,0.25,0.02,0.01,0.0004,0.0001,0.00030000000000000003,8.79120879120879,0.0013186813186812918,0.0013186813186813187,2.688821387764051e-17,2.0390228857211136e-14
restricted_quadratic_global,0.15,0.25,0.05,0.025,0.0025000000000000005,0.0006250000000000001,0.0018750000000000004,8.79120879120879,0.008241758241758323,0.008241758241758242,8.153200337090993e-17,9.892549742336973e-15
restricted_quadratic_global,0.15,0.25,0.08,0.04,0.0064,0.0016,0.0048000000000000004,8.79120879120879,0.021098901098901002,0.0210989010989011,9.71445146547012e-17,4.6042452258217965e-15
restricted_quadratic_global,0.15,0.3,0.02,0.01,0.0004,0.0001,0.00030000000000000003,8.79120879120879,0.0013186813186814028,0.0013186813186813187,8.413408858487514e-17,6.380168384352625e-14
restricted_quadratic_global,0.15,0.3,0.05,0.025,0.0025000000000000005,0.0006250000000000001,0.0018750000000000004,8.79120879120879,0.008241758241758212,0.008241758241758242,2.949029909160572e-17,3.5781562897815065e-15
restricted_quadratic_global,0.15,0.3,0.08,0.04,0.0064,0.0016,0.0048000000000000004,8.79120879120879,0.021098901098901113,0.0210989010989011,1.3877787807814457e-17,6.577493179745389e-16
restricted_quadratic_global,0.15,0.35,0.02,0.01,0.0004,0.0001,0.00030000000000000003,8.79120879120879,0.0013186813186812918,0.0013186813186813187,2.688821387764051e-17,2.0390228857211136e-14
restricted_quadratic_global,0.15,0.35,0.05,0.025,0.0025000000000000005,0.0006250000000000001,0.0018750000000000004,8.79120879120879,0.008241758241758212,0.008241758241758242,2.949029909160572e-17,3.5781562897815065e-15
restricted_quadratic_global,0.15,0.35,0.08,0.04,0.0064,0.0016,0.0048000000000000004,8.79120879120879,0.021098901098901113,0.0210989010989011,1.3877787807814457e-17,6.577493179745389e-16
restricted_quadratic_global,0.15,0.4,0.02,0.01,0.0004,0.0001,0.00030000000000000003,8.79120879120879,0.0013186813186812918,0.0013186813186813187,2.688821387764051e-17,2.0390228857211136e-14
restricted_quadratic_global,0.15,0.4,0.05,0.025,0.0025000000000000005,0.0006250000000000001,0.0018750000000000004,8.79120879120879,0.008241758241758212,0.008241758241758242,2.949029909160572e-17,3.5781562897815065e-15
restricted_quadratic_global,0.15,0.4,0.08,0.04,0.0064,0.0016,0.0048000000000000004,8.79120879120879,0.021098901098901113,0.0210989010989011,1.3877787807814457e-17,6.577493179745389e-16
restricted_quadratic_global,0.15,0.45,0.02,0.01,0.0004,0.0001,0.00030000000000000003,8.79120879120879,0.0013186813186812918,0.0013186813186813187,2.688821387764051e-17,2.0390228857211136e-14
restricted_quadratic_global,0.15,0.45,0.05,0.025,0.0025000000000000005,0.0006250000000000001,0.0018750000000000004,8.79120879120879,0.008241758241758212,0.008241758241758242,2.949029909160572e-17,3.5781562897815065e-15
restricted_quadratic_global,0.15,0.45,0.08,0.04,0.0064,0.0016,0.0048000000000000004,8.79120879120879,0.021098901098901224,0.0210989010989011,1.249000902703301e-16,5.9197438617708195e-15
restricted_quadratic_global,0.15,0.5,0.02,0.01,0.0004,0.0001,0.00030000000000000003,8.79120879120879,0.0013186813186814028,0.0013186813186813187,8.413408858487514e-17,6.380168384352625e-14
restricted_quadratic_global,0.15,0.5,0.05,0.025,0.0025000000000000005,0.0006250000000000001,0.0018750000000000004,8.79120879120879,0.008241758241758212,0.008241758241758242,2.949029909160572e-17,3.5781562897815065e-15
restricted_quadratic_global,0.15,0.5,0.08,0.04,0.0064,0.0016,0.0048000000000000004,8.79120879120879,0.021098901098901002,0.0210989010989011,9.71445146547012e-17,4.6042452258217965e-15
restricted_quadratic_global,0.15,0.55,0.02,0.01,0.0004,0.0001,0.00030000000000000003,8.79120879120879,0.0013186813186812918,0.0013186813186813187,2.688821387764051e-17,2.0390228857211136e-14
restricted_quadratic_global,0.15,0.55,0.05,0.025,0.0025000000000000005,0.0006250000000000001,0.0018750000000000004,8.79120879120879,0.008241758241758323,0.008241758241758242,8.153200337090993e-17,9.892549742336973e-15
restricted_quadratic_global,0.15,0.55,0.08,0.04,0.0064,0.0016,0.0048000000000000004,8.79120879120879,0.021098901098901113,0.0210989010989011,1.3877787807814457e-17,6.577493179745389e-16
restricted_quadratic_global,0.15,0.6000000000000001,0.02,0.01,0.0004,0.0001,0.00030000000000000003,8.79120879120879,0.0013186813186814028,0.0013186813186813187,8.413408858487514e-17,6.380168384352625e-14
restricted_quadratic_global,0.15,0.6000000000000001,0.05,0.025,0.0025000000000000005,0.0006250000000000001,0.0018750000000000004,8.79120879120879,0.008241758241758323,0.008241758241758242,8.153200337090993e-17,9.892549742336973e-15
restricted_quadratic_global,0.15,0.6000000000000001,0.08,0.04,0.0064,0.0016,0.0048000000000000004,8.79120879120879,0.021098901098901113,0.0210989010989011,1.3877787807814457e-17,6.577493179745389e-16
restricted_quadratic_global,0.15,0.65,0.02,0.01,0.0004,0.0001,0.00030000000000000003,8.79120879120879,0.0013186813186812918,0.0013186813186813187,2.688821387764051e-17,2.0390228857211136e-14
restricted_quadratic_global,0.15,0.65,0.05,0.025,0.0025000000000000005,0.0006250000000000001,0.0018750000000000004,8.79120879120879,0.008241758241758212,0.008241758241758242,2.949029909160572e-17,3.5781562897815065e-15
restricted_quadratic_global,0.15,0.65,0.08,0.04,0.0064,0.0016,0.0048000000000000004,8.79120879120879,0.021098901098901113,0.0210989010989011,1.3877787807814457e-17,6.577493179745389e-16
restricted_quadratic_global,0.15,0.7,0.02,0.01,0.0004,0.0001,0.00030000000000000003,8.79120879120879,0.0013186813186812918,0.0013186813186813187,2.688821387764051e-17,2.0390228857211136e-14
restricted_quadratic_global,0.15,0.7,0.05,0.025,0.0025000000000000005,0.0006250000000000001,0.0018750000000000004,8.79120879120879,0.008241758241758323,0.008241758241758242,8.153200337090993e-17,9.892549742336973e-15
restricted_quadratic_global,0.15,0.7,0.08,0.04,0.0064,0.0016,0.0048000000000000004,8.79120879120879,0.021098901098901002,0.0210989010989011,9.71445146547012e-17,4.6042452258217965e-15
restricted_quadratic_global,0.15,0.75,0.02,0.01,0.0004,0.0001,0.00030000000000000003,8.79120879120879,0.0013186813186812918,0.0013186813186813187,2.688821387764051e-17,2.0390228857211136e-14
restricted_quadratic_global,0.15,0.75,0.05,0.025,0.0025000000000000005,0.0006250000000000001,0.0018750000000000004,8.79120879120879,0.008241758241758323,0.008241758241758242,8.153200337090993e-17,9.892549742336973e-15
restricted_quadratic_global,0.15,0.75,0.08,0.04,0.0064,0.0016,0.0048000000000000004,8.79120879120879,0.021098901098901002,0.0210989010989011,9.71445146547012e-17,4.6042452258217965e-15
restricted_quadratic_local,0.15,0.25,0.02,0.01,0.0004,0.0001,0.00030000000000000003,16.326530612244902,0.0024489795918367085,0.0024489795918367354,2.688821387764051e-17,1.0979354000036659e-14
restricted_quadratic_local,0.15,0.25,0.05,0.025,0.0025000000000000005,0.0006250000000000001,0.0018750000000000004,16.326530612244902,0.015306122448979609,0.015306122448979598,1.0408340855860843e-17,6.800116025829076e-16
restricted_quadratic_local,0.15,0.25,0.08,0.04,0.0064,0.0016,0.0048000000000000004,16.326530612244902,0.039183673469387725,0.03918367346938777,4.163336342344337e-17,1.0625181290357951e-15
restricted_quadratic_local,0.15,0.3,0.02,0.01,0.0004,0.0001,0.00030000000000000003,16.326530612244902,0.002448979591836764,0.0024489795918367354,2.862293735361732e-17,1.1687699419393597e-14
restricted_quadratic_local,0.15,0.3,0.05,0.025,0.0025000000000000005,0.0006250000000000001,0.0018750000000000004,16.326530612244902,0.015306122448979664,0.015306122448979598,6.591949208711867e-17,4.306740149691732e-15
restricted_quadratic_local,0.15,0.3,0.08,0.04,0.0064,0.0016,0.0048000000000000004,16.326530612244902,0.03918367346938778,0.03918367346938777,1.3877787807814457e-17,3.541727096785979e-16
restricted_quadratic_local,0.15,0.35,0.02,0.01,0.0004,0.0001,0.00030000000000000003,16.326530612244902,0.002448979591836764,0.0024489795918367354,2.862293735361732e-17,1.1687699419393597e-14
restricted_quadratic_local,0.15,0.35,0.05,0.025,0.0025000000000000005,0.0006250000000000001,0.0018750000000000004,16.326530612244902,0.015306122448979553,0.015306122448979598,4.5102810375396984e-17,2.9467169445259435e-15
restricted_quadratic_local,0.15,0.35,0.08,0.04,0.0064,0.0016,0.0048000000000000004,16.326530612244902,0.03918367346938778,0.03918367346938777,1.3877787807814457e-17,3.541727096785979e-16
restricted_quadratic_local,0.15,0.4,0.02,0.01,0.0004,0.0001,0.00030000000000000003,16.326530612244902,0.002448979591836764,0.0024489795918367354,2.862293735361732e-17,1.1687699419393597e-14
restricted_quadratic_local,0.15,0.4,0.05,0.025,0.0025000000000000005,0.0006250000000000001,0.0018750000000000004,16.326530612244902,0.015306122448979553,0.015306122448979598,4.5102810375396984e-17,2.9467169445259435e-15
restricted_quadratic_local,0.15,0.4,0.08,0.04,0.0064,0.0016,0.0048000000000000004,16.326530612244902,0.03918367346938778,0.03918367346938777,1.3877787807814457e-17,3.541727096785979e-16
restricted_quadratic_local,0.15,0.45,0.02,0.01,0.0004,0.0001,0.00030000000000000003,16.326530612244902,0.002448979591836764,0.0024489795918367354,2.862293735361732e-17,1.1687699419393597e-14
restricted_quadratic_local,0.15,0.45,0.05,0.025,0.0025000000000000005,0.0006250000000000001,0.0018750000000000004,16.326530612244902,0.015306122448979664,0.015306122448979598,6.591949208711867e-17,4.306740149691732e-15
restricted_quadratic_local,0.15,0.45,0.08,0.04,0.0064,0.0016,0.0048000000000000004,16.326530612244902,0.03918367346938778,0.03918367346938777,1.3877787807814457e-17,3.541727096785979e-16
restricted_quadratic_local,0.15,0.5,0.02,0.01,0.0004,0.0001,0.00030000000000000003,16.326530612244902,0.002448979591836764,0.0024489795918367354,2.862293735361732e-17,1.1687699419393597e-14
restricted_quadratic_local,0.15,0.5,0.05,0.025,0.0025000000000000005,0.0006250000000000001,0.0018750000000000004,16.326530612244902,0.015306122448979553,0.015306122448979598,4.5102810375396984e-17,2.9467169445259435e-15
restricted_quadratic_local,0.15,0.5,0.08,0.04,0.0064,0.0016,0.0048000000000000004,16.326530612244902,0.03918367346938778,0.03918367346938777,1.3877787807814457e-17,3.541727096785979e-16
restricted_quadratic_local,0.15,0.55,0.02,0.01,0.0004,0.0001,0.00030000000000000003,16.326530612244902,0.002448979591836764,0.0024489795918367354,2.862293735361732e-17,1.1687699419393597e-14
restricted_quadratic_local,0.15,0.55,0.05,0.025,0.0025000000000000005,0.0006250000000000001,0.0018750000000000004,16.326530612244902,0.015306122448979553,0.015306122448979598,4.5102810375396984e-17,2.9467169445259435e-15
restricted_quadratic_local,0.15,0.55,0.08,0.04,0.0064,0.0016,0.0048000000000000004,16.326530612244902,0.03918367346938767,0.03918367346938777,9.71445146547012e-17,2.479208967750192e-15
restricted_quadratic_local,0.15,0.6000000000000001,0.02,0.01,0.0004,0.0001,0.00030000000000000003,16.326530612244902,0.002448979591836764,0.0024489795918367354,2.862293735361732e-17,1.1687699419393597e-14
restricted_quadratic_local,0.15,0.6000000000000001,0.05,0.025,0.0025000000000000005,0.0006250000000000001,0.0018750000000000004,16.326530612244902,0.015306122448979553,0.015306122448979598,4.5102810375396984e-17,2.9467169445259435e-15
restricted_quadratic_local,0.15,0.6000000000000001,0.08,0.04,0.0064,0.0016,0.0048000000000000004,16.326530612244902,0.03918367346938767,0.03918367346938777,9.71445146547012e-17,2.479208967750192e-15
restricted_quadratic_local,0.15,0.65,0.02,0.01,0.0004,0.0001,0.00030000000000000003,16.326530612244902,0.002448979591836764,0.0024489795918367354,2.862293735361732e-17,1.1687699419393597e-14
restricted_quadratic_local,0.15,0.65,0.05,0.025,0.0025000000000000005,0.0006250000000000001,0.0018750000000000004,16.326530612244902,0.015306122448979664,0.015306122448979598,6.591949208711867e-17,4.306740149691732e-15
restricted_quadratic_local,0.15,0.65,0.08,0.04,0.0064,0.0016,0.0048000000000000004,16.326530612244902,0.03918367346938767,0.03918367346938777,9.71445146547012e-17,2.479208967750192e-15
restricted_quadratic_local,0.15,0.7,0.02,0.01,0.0004,0.0001,0.00030000000000000003,16.326530612244902,0.002448979591836764,0.0024489795918367354,2.862293735361732e-17,1.1687699419393597e-14
restricted_quadratic_local,0.15,0.7,0.05,0.025,0.0025000000000000005,0.0006250000000000001,0.0018750000000000004,16.326530612244902,0.015306122448979664,0.015306122448979598,6.591949208711867e-17,4.306740149691732e-15
restricted_quadratic_local,0.15,0.7,0.08,0.04,0.0064,0.0016,0.0048000000000000004,16.326530612244902,0.03918367346938767,0.03918367346938777,9.71445146547012e-17,2.479208967750192e-15
restricted_quadratic_local,0.15,0.75,0.02,0.01,0.0004,0.0001,0.00030000000000000003,16.326530612244902,0.0024489795918367085,0.0024489795918367354,2.688821387764051e-17,1.0979354000036659e-14
restricted_quadratic_local,0.15,0.75,0.05,0.025,0.0025000000000000005,0.0006250000000000001,0.0018750000000000004,16.326530612244902,0.015306122448979609,0.015306122448979598,1.0408340855860843e-17,6.800116025829076e-16
restricted_quadratic_local,0.15,0.75,0.08,0.04,0.0064,0.0016,0.0048000000000000004,16.326530612244902,0.03918367346938767,0.03918367346938777,9.71445146547012e-17,2.479208967750192e-15
restricted_entropy_global,0.15,0.25,0.02,0.01,0.0004,0.0001,0.00030000000000000003,10.050978858847941,0.001509214397782066,0.0015076468288271912,1.5675689548748113e-06,0.0010386655184170671
restricted_entropy_global,0.15,0.25,0.05,0.025,0.0025000000000000005,0.0006250000000000001,0.0018750000000000004,10.050978858847941,0.009484881815337687,0.009422792680169946,6.208913516774113e-05,0.0065461158479949485
restricted_entropy_global,0.15,0.25,0.08,0.04,0.0064,0.0016,0.0048000000000000004,10.050978858847941,0.024540254328910827,0.02412234926123506,0.00041790506767576743,0.017029369870198707
restricted_entropy_global,0.15,0.3,0.02,0.01,0.0004,0.0001,0.00030000000000000003,8.97408826682852,0.0013470560561980038,0.0013461132400242781,9.428161737256961e-07,0.0006999086410603773
restricted_entropy_global,0.15,0.3,0.05,0.025,0.0025000000000000005,0.0006250000000000001,0.0018750000000000004,8.97408826682852,0.00845038128747666,0.00841320775015174,3.717353732492039e-05,0.004399036689623818
restricted_entropy_global,0.15,0.3,0.08,0.04,0.0064,0.0016,0.0048000000000000004,8.97408826682852,0.021785785972389227,0.02153781184038845,0.0002479741320007764,0.011382381719670466
restricted_entropy_global,0.15,0.35,0.02,0.01,0.0004,0.0001,0.00030000000000000003,8.283773784764788,0.0012432020693846635,0.0012425660677147185,6.360016699450376e-07,0.0005115835032834474
restricted_entropy_global,0.15,0.35,0.05,0.025,0.0025000000000000005,0.0006250000000000001,0.0018750000000000004,8.283773784764788,0.007791045297057098,0.007766037923216991,2.5007373840106942e-05,0.003209758496661924
restricted_entropy_global,0.15,0.35,0.08,0.04,0.0064,0.0016,0.0048000000000000004,8.283773784764788,0.020046989141688898,0.019881057083435495,0.00016593205825340268,0.008277156089656235
restricted_entropy_global,0.15,0.4,0.02,0.01,0.0004,0.0001,0.00030000000000000003,7.852327233474955,0.0011783266608924592,0.0011778490850212434,4.775758712157602e-07,0.0004053000641214775
restricted_entropy_global,0.15,0.4,0.05,0.025,0.0025000000000000005,0.0006250000000000001,0.0018750000000000004,7.852327233474955,0.0073803026175730535,0.007361556781382772,1.8745836190281646e-05,0.002539982052449503
restricted_entropy_global,0.15,0.4,0.08,0.04,0.0064,0.0016,0.0048000000000000004,7.852327233474955,0.01896956140517303,0.018845585360339895,0.00012397604483313507,0.006535525107044731
restricted_entropy_global,0.15,0.45,0.02,0.01,0.0004,0.0001,0.00030000000000000003,7.614377923369652,0.001142557084399587,0.0011421566885054478,4.0039589413909567e-07,0.0003504384153807978
restricted_entropy_global,0.15,0.45,0.05,0.025,0.0025000000000000005,0.0006250000000000001,0.0018750000000000004,7.614377923369652,0.007154180305575131,0.0071384793031590505,1.5701002416080266e-05,0.0021946612673215326
restricted_entropy_global,0.15,0.45,0.08,0.04,0.0064,0.0016,0.0048000000000000004,7.614377923369652,0.018378152911746937,0.018274507016087165,0.00010364589565977148,0.005639625274503139
restricted_entropy_global,0.15,0.5,0.02,0.01,0.0004,0.0001,0.00030000000000000003,7.538234144135957,0.0011311122868321588,0.0011307351216203936,3.771652117652482e-07,0.0003334463042759027
restricted_entropy_global,0.15,0.5,0.05,0.025,0.0025000000000000005,0.0006250000000000001,0.0018750000000000004,7.538234144135957,0.007081879798087498,0.0070670945101274606,1.4785287960037558e-05,0.00208776319022393
restricted_entropy_global,0.15,0.5,0.08,0.04,0.0064,0.0016,0.0048000000000000004,7.538234144135957,0.018189303428390424,0.018091761945926297,9.754148246412728e-05,0.0053625738252231
restricted_entropy_global,0.15,0.55,0.02,0.01,0.0004,0.0001,0.00030000000000000003,7.614377923369654,0.001142557084399587,0.0011421566885054483,4.00395894138662e-07,0.0003504384153804182
restricted_entropy_global,0.15,0.55,0.05,0.025,0.0025000000000000005,0.0006250000000000001,0.0018750000000000004,7.614377923369654,0.007154180305575353,0.007138479303159052,1.5701002416300576e-05,0.002194661267352259
restricted_entropy_global,0.15,0.55,0.08,0.04,0.0064,0.0016,0.0048000000000000004,7.614377923369654,0.018378152911746937,0.018274507016087172,0.00010364589565976454,0.005639625274502761
restricted_entropy_global,0.15,0.6000000000000001,0.02,0.01,0.0004,0.0001,0.00030000000000000003,7.852327233474955,0.0011783266608922371,0.0011778490850212434,4.775758709937156e-07,0.00040530006393311324
restricted_entropy_global,0.15,0.6000000000000001,0.05,0.025,0.0025000000000000005,0.0006250000000000001,0.0018750000000000004,7.852327233474955,0.0073803026175730535,0.007361556781382772,1.8745836190281646e-05,0.002539982052449503
restricted_entropy_global,0.15,0.6000000000000001,0.08,0.04,0.0064,0.0016,0.0048000000000000004,7.852327233474955,0.01896956140517292,0.018845585360339895,0.00012397604483302405,0.006535525107038917
restricted_entropy_global,0.15,0.65,0.02,0.01,0.0004,0.0001,0.00030000000000000003,8.283773784764788,0.0012432020693846635,0.0012425660677147185,6.360016699450376e-07,0.0005115835032834474
restricted_entropy_global,0.15,0.65,0.05,0.025,0.0025000000000000005,0.0006250000000000001,0.0018750000000000004,8.283773784764788,0.0077910452970567645,0.007766037923216991,2.5007373839773875e-05,0.0032097584966193113
restricted_entropy_global,0.15,0.65,0.08,0.04,0.0064,0.0016,0.0048000000000000004,8.283773784764788,0.02004698914168923,0.019881057083435495,0.00016593205825373575,0.008277156089672711
restricted_entropy_global,0.15,0.7,0.02,0.01,0.0004,0.0001,0.00030000000000000003,8.97408826682852,0.0013470560561980038,0.0013461132400242781,9.428161737256961e-07,0.0006999086410603773
restricted_entropy_global,0.15,0.7,0.05,0.025,0.0025000000000000005,0.0006250000000000001,0.0018750000000000004,8.97408826682852,0.008450381287476771,0.00841320775015174,3.717353732503141e-05,0.004399036689636899
restricted_entropy_global,0.15,0.7,0.08,0.04,0.0064,0.0016,0.0048000000000000004,8.97408826682852,0.02178578597238956,0.02153781184038845,0.00024797413200110946,0.01138238171968558
restricted_entropy_global,0.15,0.75,0.02,0.01,0.0004,0.0001,0.00030000000000000003,10.050978858847941,0.001509214397782066,0.0015076468288271912,1.5675689548748113e-06,0.0010386655184170671
restricted_entropy_global,0.15,0.75,0.05,0.025,0.0025000000000000005,0.0006250000000000001,0.0018750000000000004,10.050978858847941,0.009484881815337687,0.009422792680169946,6.208913516774113e-05,0.0065461158479949485
restricted_entropy_global,0.15,0.75,0.08,0.04,0.0064,0.0016,0.0048000000000000004,10.050978858847941,0.024540254328910605,0.02412234926123506,0.0004179050676755454,0.017029369870189815
restricted_entropy_local,0.15,0.25,0.02,0.01,0.0004,0.0001,0.00030000000000000003,19.721087658259815,0.0029612388854610705,0.0029581631487389727,3.0757367220977765e-06,0.0010386655184081437
restricted_entropy_local,0.15,0.25,0.05,0.025,0.0025000000000000005,0.0006250000000000001,0.0018750000000000004,19.721087658259815,0.018610345154974006,0.018488519679618582,0.00012182547535542418,0.006546115847983817
restricted_entropy_local,0.15,0.25,0.08,0.04,0.0064,0.0016,0.0048000000000000004,19.721087658259815,0.0481505844926145,0.047330610379823564,0.0008199741127909374,0.017029369870197687
restricted_entropy_local,0.15,0.3,0.02,0.01,0.0004,0.0001,0.00030000000000000003,17.60811398058912,0.002643067002522481,0.002641217097088368,1.84990543411305e-06,0.0006999086411156219
restricted_entropy_local,0.15,0.3,0.05,0.025,0.0025000000000000005,0.0006250000000000001,0.0018750000000000004,17.60811398058912,0.016580545283839898,0.016507606856802304,7.293842703759434e-05,0.00439903668962463
restricted_entropy_local,0.15,0.3,0.08,0.04,0.0064,0.0016,0.0048000000000000004,17.60811398058912,0.042746025128424625,0.04225947355341389,0.0004865515750107352,0.011382381719679365
restricted_entropy_local,0.15,0.35,0.02,0.01,0.0004,0.0001,0.00030000000000000003,16.25364367438996,0.0024392944539608497,0.002438046551158494,1.2479028023556701e-06,0.0005115835033074276
restricted_entropy_local,0.15,0.35,0.05,0.025,0.0025000000000000005,0.0006250000000000001,0.0018750000000000004,16.25364367438996,0.015286858067309117,0.01523779094474059,4.906712256852637e-05,0.0032097584966433493
restricted_entropy_local,0.15,0.35,0.08,0.04,0.0064,0.0016,0.0048000000000000004,16.25364367438996,0.039334321134245065,0.039008744818535904,0.00032557631570916123,0.008277156089665153
restricted_entropy_local,0.15,0.4,0.02,0.01,0.0004,0.0001,0.00030000000000000003,15.407099733015482,0.0023120020145170894,0.0023110649599523223,9.370545647671008e-07,0.00040530006413633013
restricted_entropy_local,0.15,0.4,0.05,0.025,0.0025000000000000005,0.0006250000000000001,0.0018750000000000004,15.407099733015482,0.014480937320598852,0.014444155999702018,3.6781320896834765e-05,0.002539982052440352
restricted_entropy_local,0.15,0.4,0.08,0.04,0.0064,0.0016,0.0048000000000000004,15.407099733015482,0.037220293522042036,0.03697703935923716,0.000243254162804879,0.006535525107044702
restricted_entropy_local,0.15,0.45,0.02,0.01,0.0004,0.0001,0.00030000000000000003,14.940217922924102,0.002241818307693766,0.0022410326884386156,7.85619255150305e-07,0.0003504384153051627
restricted_entropy_local,0.15,0.45,0.05,0.025,0.0025000000000000005,0.0006250000000000001,0.0018750000000000004,14.940217922924102,0.014037261336496187,0.014006454302741349,3.080703375483822e-05,0.002194661267347175
restricted_entropy_local,0.15,0.45,0.08,0.04,0.0064,0.0016,0.0048000000000000004,14.940217922924102,0.036059887266642665,0.03585652301501785,0.00020336425162481575,0.005639625274506574
restricted_entropy_local,0.15,0.5,0.02,0.01,0.0004,0.0001,0.00030000000000000003,14.790815743694862,0.002219362399744629,0.0022186223615542297,7.400381903991358e-07,0.00033344630443603464
restricted_entropy_local,0.15,0.5,0.05,0.025,0.0025000000000000005,0.0006250000000000001,0.0018750000000000004,14.790815743694862,0.013895400064481422,0.013866389759713936,2.901030476748674e-05,0.002087763190182708
restricted_entropy_local,0.15,0.5,0.08,0.04,0.0064,0.0016,0.0048000000000000004,14.790815743694862,0.03568934452968209,0.035497957784867674,0.00019138674481441326,0.005362573825227888
restricted_entropy_local,0.15,0.55,0.02,0.01,0.0004,0.0001,0.00030000000000000003,14.940217922924104,0.002241818307693766,0.0022410326884386156,7.85619255150305e-07,0.0003504384153051627
restricted_entropy_local,0.15,0.55,0.05,0.025,0.0025000000000000005,0.0006250000000000001,0.0018750000000000004,14.940217922924104,0.014037261336496298,0.01400645430274135,3.0807033754947505e-05,0.002194661267354943
restricted_entropy_local,0.15,0.55,0.08,0.04,0.0064,0.0016,0.0048000000000000004,14.940217922924104,0.03605988726664244,0.03585652301501785,0.0002033642516245937,0.005639625274500451
restricted_entropy_local,0.15,0.6000000000000001,0.02,0.01,0.0004,0.0001,0.00030000000000000003,15.407099733015482,0.0023120020145167564,0.0023110649599523223,9.370545644340339e-07,0.00040530006399232857
restricted_entropy_local,0.15,0.6000000000000001,0.05,0.025,0.0025000000000000005,0.0006250000000000001,0.0018750000000000004,15.407099733015482,0.01448093732059863,0.014444155999702018,3.678132089661272e-05,0.0025399820524250574
restricted_entropy_local,0.15,0.6000000000000001,0.08,0.04,0.0064,0.0016,0.0048000000000000004,15.407099733015482,0.037220293522041925,0.03697703935923716,0.00024325416280476797,0.006535525107041739
restricted_entropy_local,0.15,0.65,0.02,0.01,0.0004,0.0001,0.00030000000000000003,16.25364367438996,0.0024392944539608497,0.002438046551158494,1.2479028023556701e-06,0.0005115835033074276
restricted_entropy_local,0.15,0.65,0.05,0.025,0.0025000000000000005,0.0006250000000000001,0.0018750000000000004,16.25364367438996,0.015286858067308784,0.01523779094474059,4.90671225681933e-05,0.0032097584966216315
restricted_entropy_local,0.15,0.65,0.08,0.04,0.0064,0.0016,0.0048000000000000004,16.25364367438996,0.039334321134245176,0.039008744818535904,0.00032557631570927226,0.008277156089667951
restricted_entropy_local,0.15,0.7,0.02,0.01,0.0004,0.0001,0.00030000000000000003,17.60811398058912,0.002643067002522481,0.002641217097088368,1.84990543411305e-06,0.0006999086411156219
restricted_entropy_local,0.15,0.7,0.05,0.025,0.0025000000000000005,0.0006250000000000001,0.0018750000000000004,17.60811398058912,0.016580545283840342,0.016507606856802304,7.293842703803843e-05,0.004399036689651296
restricted_entropy_local,0.15,0.7,0.08,0.04,0.0064,0.0016,0.0048000000000000004,17.60811398058912,0.04274602512842485,0.04225947355341389,0.00048655157501095725,0.0113823817196845
restricted_entropy_local,0.15,0.75,0.02,0.01,0.0004,0.0001,0.00030000000000000003,19.721087658259815,0.0029612388854610705,0.0029581631487389727,3.0757367220977765e-06,0.0010386655184081437
restricted_entropy_local,0.15,0.75,0.05,0.025,0.0025000000000000005,0.0006250000000000001,0.0018750000000000004,19.721087658259815,0.018610345154974006,0.018488519679618582,0.00012182547535542418,0.006546115847983817
restricted_entropy_local,0.15,0.75,0.08,0.04,0.0064,0.0016,0.0048000000000000004,19.721087658259815,0.04815058449261422,0.047330610379823564,0.0008199741127906598,0.01702936987019202
