n,f=0.1,f=0.1_ES,f=0.25,f=0.25_ES,f=0.5,f=0.5_ES,f=0.75,f=0.75_ES,f=1.0,f=1.0_ES
200,0.01926898956298828,1.402059555053711,0.01926898956298828,2.7997922897338867,0.045989036560058594,2.2416229248046875,0.04596233367919922,2.2416763305664062,0.047206878662109375,2.241703987121582
400,0.057033538818359375,1.9618711471557617,0.057033538818359375,2.799952507019043,0.04601573944091797,2.2418365478515625,0.04601573944091797,2.2418365478515625,0.047260284423828125,2.2418642044067383
600,0.057033538818359375,5.876397132873535,0.057033538818359375,2.8001394271850586,0.046042442321777344,2.2420501708984375,0.046042442321777344,2.242023468017578,0.0472869873046875,2.241997718811035
800,0.05706024169921875,5.876584053039551,0.05706024169921875,2.800459861755371,0.045989036560058594,3.362027168273926,0.04601573944091797,3.3621578216552734,0.047260284423828125,3.362107276916504
1000,0.09005355834960938,6.436129570007324,0.09005355834960938,5.0382890701293945,0.1011953353881836,5.6020307540893555,0.07914066314697266,5.042242050170898,0.07036495208740234,4.482295989990234
1200,0.1449451446533203,8.393538475036621,0.1449451446533203,9.233316421508789,0.12322711944580078,6.162167549133301,0.11213207244873047,5.042295455932617,0.10494327545166016,4.482295989990234
1400,0.14510536193847656,9.512469291687012,0.14510536193847656,10.352301597595215,0.12328052520751953,6.162167549133301,0.12325286865234375,5.6023759841918945,0.11654853820800781,5.042376518249512
1600,0.1450786590576172,11.190730094909668,0.1450786590576172,10.352381706237793,0.12328052520751953,7.282170295715332,0.123199462890625,6.162485122680664,0.11652183532714844,5.042483329772949
1800,0.1451854705810547,13.148087501525879,0.1451854705810547,10.911901473999023,0.12333393096923828,7.84222412109375,0.12327957153320312,6.72245979309082,0.11660194396972656,5.042670249938965
2000,0.1782064437866211,13.148194313049316,0.1782064437866211,10.912008285522461,0.14536666870117188,7.8423309326171875,0.13440227508544922,6.722566604614258,0.11665534973144531,5.042696952819824
2200,0.22219562530517578,13.707633972167969,0.1782064437866211,10.912115097045898,0.14536666870117188,7.842384338378906,0.13440227508544922,6.722620010375977,0.11662864685058594,5.042723655700684
2400,0.22230243682861328,17.06431484222412,0.18927764892578125,12.031070709228516,0.14539337158203125,8.962386131286621,0.14539146423339844,7.28256893157959,0.12818241119384766,5.602779388427734
2600,0.2600393295288086,18.74268341064453,0.2113656997680664,13.149974822998047,0.14539337158203125,8.962492942810059,0.14539146423339844,7.282729148864746,0.12818241119384766,6.162835121154785
2800,0.27100181579589844,19.86163902282715,0.22243785858154297,14.268878936767578,0.14539337158203125,8.962492942810059,0.14536476135253906,7.282835960388184,0.12818241119384766,6.162968635559082
3000,0.28199100494384766,21.539928436279297,0.2224111557006836,14.82837200164795,0.14542007446289062,8.962599754333496,0.14539146423339844,7.283102989196777,0.12818241119384766,6.163609504699707
3200,0.2820711135864258,23.218353271484375,0.22249126434326172,15.387836456298828,0.14542007446289062,8.962653160095215,0.1454181671142578,7.843132019042969,0.12815570831298828,6.16390323638916
3400,0.3041038513183594,24.33722686767578,0.2225179672241211,15.947328567504883,0.14544677734375,8.962706565856934,0.1454181671142578,7.8431854248046875,0.12818241119384766,6.163956642150879
3600,0.3042106628417969,24.3372802734375,0.22246456146240234,15.947355270385742,0.14544677734375,8.96289348602295,0.1454448699951172,7.843585968017578,0.12820911407470703,6.724308013916016
3800,0.3152275085449219,24.89677333831787,0.2225179672241211,15.947381973266602,0.14544677734375,8.963667869567871,0.1454448699951172,7.844333648681641,0.12820911407470703,6.725135803222656
4000,0.3261909484863281,26.015649795532227,0.2445240020751953,16.506929397583008,0.14544677734375,8.96414852142334,0.1454448699951172,7.844867706298828,0.12820911407470703,6.725242614746094
4200,0.34819698333740234,27.13457679748535,0.24460411071777344,16.507089614868164,0.14544677734375,8.9641752243042,0.1454448699951172,7.845027923583984,0.12820911407470703,6.725269317626953
4400,0.3812246322631836,27.693988800048828,0.24460411071777344,16.507543563842773,0.15648746490478516,8.964308738708496,0.1454181671142578,7.845001220703125,0.12820911407470703,6.725322723388672
4600,0.39218711853027344,27.69396209716797,0.2556467056274414,16.507543563842773,0.15648746490478516,8.964682579040527,0.1454181671142578,7.845081329345703,0.12820911407470703,6.725376129150391
4800,0.4032297134399414,28.812950134277344,0.2666635513305664,17.067009925842285,0.15638065338134766,8.964789390563965,0.14539146423339844,7.845188140869141,0.12818241119384766,6.7255096435546875
5000,0.41429996490478516,28.813030242919922,0.2775726318359375,18.18610191345215,0.1564340591430664,8.964869499206543,0.14539146423339844,7.84521484375,0.12815570831298828,6.725429534912109
5200,0.4143533706665039,30.491291046142578,0.2776527404785156,18.186182022094727,0.1564340591430664,8.96497631072998,0.14539146423339844,7.8453216552734375,0.12818241119384766,6.725536346435547
5400,0.4253969192504883,31.05083656311035,0.2996082305908203,18.745594024658203,0.16742324829101562,8.964949607849121,0.14539146423339844,7.845668792724609,0.12818241119384766,6.725910186767578
5600,0.4254770278930664,31.050809860229492,0.31067752838134766,18.745567321777344,0.16742324829101562,8.965163230895996,0.1454181671142578,7.845882415771484,0.12818241119384766,6.7259368896484375
5800,0.4255037307739258,31.050809860229492,0.32172107696533203,18.745861053466797,0.167449951171875,8.965163230895996,0.14539146423339844,7.845909118652344,0.12818241119384766,6.725963592529297
6000,0.42542362213134766,32.72920608520508,0.3326845169067383,18.745807647705078,0.16747665405273438,8.965083122253418,0.1454181671142578,7.846015930175781,0.12820911407470703,6.726390838623047
6200,0.4584226608276367,33.848161697387695,0.3327646255493164,19.305567741394043,0.16747665405273438,8.965189933776855,0.1454181671142578,7.846336364746094,0.12818241119384766,6.726470947265625
6400,0.49144935607910156,35.52642059326172,0.33273792266845703,19.86506175994873,0.16747665405273438,8.965723991394043,0.1454181671142578,7.84649658203125,0.12820911407470703,6.726657867431641
6600,0.5134143829345703,35.52647399902344,0.3327646255493164,19.865168571472168,0.16747665405273438,8.966151237487793,0.1454181671142578,7.8466033935546875,0.12820911407470703,6.727031707763672
6800,0.5133876800537109,36.64543056488037,0.3437814712524414,19.865248680114746,0.167449951171875,9.526473999023438,0.1454181671142578,7.8468170166015625,0.12820911407470703,6.727085113525391
7000,0.5244598388671875,38.323720932006836,0.3547983169555664,20.9841251373291,0.167449951171875,9.526634216308594,0.1454448699951172,7.846897125244141,0.12820911407470703,6.727138519287109
7200,0.5354757308959961,40.00198459625244,0.40352725982666016,22.662601470947266,0.16747665405273438,9.526981353759766,0.1454448699951172,7.847297668457031,0.12820911407470703,6.7275390625
7400,0.5465173721313477,42.23979377746582,0.4145174026489258,22.662654876708984,0.16750335693359375,9.527061462402344,0.1564340591430664,8.407194137573242,0.12820911407470703,6.727993011474609
7600,0.5795106887817383,46.15593910217285,0.4255352020263672,23.22201442718506,0.16750335693359375,9.527462005615234,0.1564340591430664,8.407648086547852,0.12820911407470703,6.728366851806641
7800,0.6014423370361328,47.834269523620605,0.42558860778808594,23.78182888031006,0.16747665405273438,9.527515411376953,0.15646076202392578,8.407674789428711,0.13970947265625,7.288743019104004
8000,0.6124591827392578,47.834269523620605,0.43657970428466797,23.7818021774292,0.16747665405273438,9.527542114257812,0.1564340591430664,8.40770149230957,0.13976287841796875,7.288796424865723
8200,0.6234235763549805,49.51257038116455,0.4367666244506836,24.341374397277832,0.16747665405273438,9.52762222290039,0.15646076202392578,8.40815544128418,0.13976287841796875,7.289170265197754
8400,0.6234769821166992,50.631513595581055,0.44770145416259766,26.019685745239258,0.16747665405273438,9.527702331542969,0.1564340591430664,8.408609390258789,0.13976287841796875,7.28933048248291
8600,0.6235837936401367,51.750457763671875,0.45871734619140625,26.579580307006836,0.16747665405273438,9.52767562866211,0.15648746490478516,8.408636093139648,0.13976287841796875,7.289250373840332
8800,0.6235837936401367,52.30977439880371,0.4806995391845703,26.579660415649414,0.16747665405273438,9.528129577636719,0.15648746490478516,8.409090042114258,0.13976287841796875,7.290104866027832
9000,0.6235837936401367,53.988033294677734,0.4917163848876953,26.580141067504883,0.16747665405273438,9.528076171875,0.15648746490478516,8.409196853637695,0.13976287841796875,7.290131568908691
9200,0.66741943359375,55.10694980621338,0.4917163848876953,27.13945770263672,0.16747665405273438,9.528236389160156,0.15648746490478516,8.409250259399414,0.13976287841796875,7.29018497467041
9400,0.7004947662353516,55.666399002075195,0.4918231964111328,27.699190139770508,0.16750335693359375,9.528770446777344,0.1674785614013672,8.409303665161133,0.13976287841796875,7.29018497467041
9600,0.7224721908569336,55.66653251647949,0.5137882232666016,27.69911003112793,0.16750335693359375,9.528850555419922,0.1674518585205078,8.409570693969727,0.13976287841796875,7.290505409240723
9800,0.7225255966186523,57.344886779785156,0.5137615203857422,27.69911003112793,0.16750335693359375,9.528877258300781,0.1674518585205078,8.40941047668457,0.15131664276123047,7.290585517883301
10000,0.7773761749267578,58.463706970214844,0.5358791351318359,29.377490997314453,0.16750335693359375,9.52890396118164,0.1674518585205078,8.409490585327148,0.15131664276123047,7.290532112121582
10200,0.7772960662841797,59.023173332214355,0.5358524322509766,29.37767791748047,0.16750335693359375,9.529090881347656,0.16753196716308594,8.409570693969727,0.15134334564208984,7.290719032287598
10400,0.7772960662841797,60.7014856338501,0.5578060150146484,29.377731323242188,0.16750335693359375,9.529891967773438,0.16753196716308594,8.409971237182617,0.15131664276123047,7.290825843811035
10600,0.7992610931396484,61.26097869873047,0.5799217224121094,29.937249183654785,0.16750335693359375,9.529998779296875,0.16750526428222656,8.410024642944336,0.15134334564208984,7.290719032287598
10800,0.7993144989013672,62.37984275817871,0.5909090042114258,30.497036933898926,0.16750335693359375,9.530799865722656,0.16750526428222656,8.410505294799805,0.15134334564208984,7.2908525466918945
11000,0.8103837966918945,62.37994956970215,0.5909357070922852,31.056851387023926,0.16750335693359375,9.53109359741211,0.16750526428222656,8.41071891784668,0.15134334564208984,7.290986061096191
11200,0.8323221206665039,62.37994956970215,0.6128864288330078,32.17572593688965,0.16750335693359375,9.531120300292969,0.16753196716308594,8.410799026489258,0.15134334564208984,7.290959358215332
11400,0.8652782440185547,62.38027000427246,0.6240110397338867,32.73519039154053,0.16750335693359375,9.531173706054688,0.17854690551757812,8.411172866821289,0.15134334564208984,7.2914934158325195
11600,0.8873376846313477,64.05864143371582,0.6240911483764648,33.294657707214355,0.16750335693359375,9.531387329101562,0.17854690551757812,8.411413192749023,0.15134334564208984,7.291680335998535
11800,0.8982486724853516,64.61834812164307,0.6570034027099609,34.41380500793457,0.16750335693359375,9.532054901123047,0.1785736083984375,8.411947250366211,0.15131664276123047,7.292401313781738
12000,0.9093723297119141,66.8561019897461,0.678955078125,34.41391181945801,0.16750335693359375,9.532188415527344,0.1785736083984375,8.41197395324707,0.15131664276123047,7.292534828186035
12200,0.9093456268310547,67.41562080383301,0.678955078125,34.41377830505371,0.17849349975585938,10.092325210571289,0.17860031127929688,8.41197395324707,0.15134334564208984,7.292534828186035
12400,0.9422597885131836,67.97506046295166,0.678955078125,36.651610374450684,0.17852020263671875,10.092432022094727,0.17860031127929688,8.412240982055664,0.15134334564208984,7.292641639709473
12600,0.9532785415649414,68.53455543518066,0.6790351867675781,36.65171718597412,0.17852020263671875,10.092832565307617,0.17860031127929688,8.412481307983398,0.15134334564208984,7.293042182922363
12800,0.9643764495849609,70.77228927612305,0.6790885925292969,36.65163707733154,0.17852020263671875,10.092645645141602,0.1785736083984375,8.412694931030273,0.1628437042236328,7.293255805969238
13000,0.9752340316772461,70.77223587036133,0.6791152954101562,38.330058097839355,0.17849349975585938,10.092939376831055,0.1785736083984375,8.412694931030273,0.16281700134277344,7.293255805969238
13200,0.9863576889038086,71.33175563812256,0.6790351867675781,40.00850868225098,0.17854690551757812,10.093099594116211,0.17860031127929688,8.412641525268555,0.1628704071044922,7.293229103088379
13400,0.9865446090698242,71.89116859436035,0.6790351867675781,40.00848197937012,0.17854690551757812,10.093473434448242,0.17860031127929688,8.412748336791992,0.1628704071044922,7.293229103088379
13600,0.9864912033081055,71.89116859436035,0.6901845932006836,40.56818771362305,0.17854690551757812,10.093500137329102,0.17860031127929688,8.41325569152832,0.1628704071044922,7.293683052062988
13800,0.997401237487793,72.45068645477295,0.690211296081543,40.56818771362305,0.17854690551757812,10.653237342834473,0.17860031127929688,8.41328239440918,0.1628704071044922,7.293736457824707
14000,1.019515037536621,72.45071315765381,0.7120838165283203,40.56845474243164,0.17854690551757812,10.653477668762207,0.17860031127929688,8.413335800170898,0.1628704071044922,7.293763160705566
14200,1.0305051803588867,72.45079326629639,0.7120037078857422,42.24687957763672,0.17854690551757812,10.653851509094238,0.17860031127929688,8.413576126098633,0.16289710998535156,7.2938432693481445
14400,1.0524320602416992,75.80739784240723,0.7341995239257812,42.80631923675537,0.17854690551757812,11.773858070373535,0.17860031127929688,8.413896560668945,0.1628704071044922,7.294110298156738
14600,1.07427978515625,76.36686420440674,0.7342529296875,42.80629253387451,0.17854690551757812,11.773991584777832,0.17860031127929688,8.414190292358398,0.1628704071044922,7.2942705154418945
14800,1.1073293685913086,76.92627620697021,0.7451896667480469,42.80623912811279,0.17854690551757812,12.894131660461426,0.17860031127929688,8.414323806762695,0.1628704071044922,7.295044898986816
15000,1.1294975280761719,79.72352027893066,0.7780780792236328,43.36597156524658,0.17854690551757812,12.894478797912598,0.17860031127929688,8.414617538452148,0.1628704071044922,7.295392036437988
15200,1.1294174194335938,80.28306579589844,0.8111286163330078,43.365838050842285,0.17854690551757812,12.894238471984863,0.17860031127929688,8.414724349975586,0.16289710998535156,7.295392036437988
15400,1.1404609680175781,80.28298568725586,0.8222265243530273,43.36610507965088,0.17854690551757812,12.894585609436035,0.17860031127929688,8.41541862487793,0.1628704071044922,7.295685768127441
15600,1.1402473449707031,80.8424243927002,0.8332004547119141,44.485008239746094,0.17854690551757812,12.894852638244629,0.17860031127929688,8.415632247924805,0.1628704071044922,7.295845985412598
15800,1.1513185501098633,80.84239768981934,0.8332271575927734,44.48506164550781,0.17852020263671875,12.895306587219238,0.17860031127929688,8.41581916809082,0.16289710998535156,7.296059608459473
16000,1.1623106002807617,80.84266471862793,0.8551549911499023,45.04479503631592,0.17852020263671875,12.895520210266113,0.17860031127929688,8.416112899780273,0.16289710998535156,7.296113014221191
16200,1.1843490600585938,82.52114295959473,0.8661975860595703,45.604262351989746,0.17854690551757812,12.895787239074707,0.17860031127929688,8.416540145874023,0.16289710998535156,7.29659366607666
16400,1.1843490600585938,83.08063507080078,0.8772153854370117,46.16354179382324,0.17854690551757812,12.895840644836426,0.17860031127929688,8.416566848754883,0.16289710998535156,7.296994209289551
16600,1.2173995971679688,84.75906181335449,0.8772420883178711,46.72295379638672,0.17854690551757812,12.89610767364502,0.17860031127929688,8.416833877563477,0.16289710998535156,7.296967506408691
16800,1.2611961364746094,85.31851100921631,0.8882598876953125,47.28252696990967,0.17854690551757812,12.89650821685791,0.17860031127929688,8.417074203491211,0.16289710998535156,7.297314643859863
17000,1.2833938598632812,85.31872463226318,0.8993034362792969,47.28258037567139,0.17854690551757812,13.45661735534668,0.17860031127929688,8.417608261108398,0.16289710998535156,7.297635078430176
17200,1.2832870483398438,85.8780574798584,0.8993568420410156,48.961002349853516,0.17854690551757812,14.016648292541504,0.17860031127929688,8.417768478393555,0.16289710998535156,7.298008918762207
17400,1.2943048477172852,85.87816429138184,0.9102401733398438,49.520575523376465,0.17854690551757812,14.016674995422363,0.17860031127929688,8.418035507202148,0.16289710998535156,7.298062324523926
17600,1.3162307739257812,86.43795108795166,0.9213638305664062,49.52089595794678,0.18956565856933594,14.017289161682129,0.17860031127929688,8.418462753295898,0.16289710998535156,7.298649787902832
17800,1.327301025390625,88.11640453338623,0.9323272705078125,50.08049392700195,0.20058155059814453,14.017529487609863,0.17860031127929688,8.418756484985352,0.16289710998535156,7.298810005187988
18000,1.3493614196777344,90.91359519958496,0.9433708190917969,52.31824779510498,0.2006082534790039,14.577507019042969,0.17860031127929688,8.418996810913086,0.16289710998535156,7.298916816711426
18200,1.3603544235229492,91.47300624847412,0.9653768539428711,52.8777379989624,0.20063495635986328,14.577613830566406,0.1785736083984375,8.419290542602539,0.16289710998535156,7.299370765686035
18400,1.3713712692260742,94.82972145080566,0.9873819351196289,53.99666690826416,0.20066165924072266,14.577720642089844,0.17860031127929688,8.41926383972168,0.16289710998535156,7.299370765686035
18600,1.3933753967285156,96.50809288024902,0.9983701705932617,55.11570358276367,0.20066165924072266,14.577747344970703,0.1896190643310547,8.979375839233398,0.16289710998535156,7.2993974685668945
18800,1.4042844772338867,97.62694263458252,0.9983434677124023,55.11567687988281,0.20066165924072266,14.577720642089844,0.1896190643310547,8.979349136352539,0.16289710998535156,7.299477577209473
19000,1.4044179916381836,98.74589920043945,1.0091476440429688,55.67506122589111,0.20066165924072266,14.57785415649414,0.18964576721191406,8.979455947875977,0.16289710998535156,7.2996110916137695
19200,1.4154081344604492,99.30523014068604,1.031447410583496,56.23460578918457,0.21167564392089844,14.577987670898438,0.18964576721191406,9.53954029083252,0.16289710998535156,7.299744606018066
19400,1.4153547286987305,99.3052568435669,1.031367301940918,56.23460578918457,0.21167564392089844,14.577987670898438,0.18964576721191406,9.53954029083252,0.16289710998535156,7.299664497375488
19600,1.4153013229370117,100.98360061645508,1.0314207077026367,56.79420471191406,0.21164894104003906,14.578121185302734,0.18964576721191406,9.539620399475098,0.16289710998535156,7.299691200256348
19800,1.426370620727539,102.10253429412842,1.042572021484375,57.35380268096924,0.2117023468017578,14.57833480834961,0.18964576721191406,9.539727210998535,0.16289710998535156,7.299771308898926
20000,1.4593143463134766,102.10245418548584,1.0534543991088867,57.35377597808838,0.21167564392089844,14.578201293945312,0.18964576721191406,9.539887428283691,0.16289710998535156,7.299904823303223
20200,1.459421157836914,103.2212781906128,1.0535612106323242,58.47267818450928,0.21167564392089844,14.578361511230469,0.2006359100341797,9.539753913879395,0.16289710998535156,7.299984931945801
20400,1.470357894897461,103.78069019317627,1.0646305084228516,59.03214168548584,0.21167564392089844,15.138362884521484,0.20066261291503906,9.539887428283691,0.16289710998535156,7.3000383377075195
20600,1.470357894897461,104.34023571014404,1.07562255859375,60.15109825134277,0.2117023468017578,16.258342742919922,0.20066261291503906,9.53991413116455,0.16289710998535156,7.300065040588379
20800,1.492258071899414,104.8996467590332,1.0755424499511719,61.82949256896973,0.22274112701416016,16.25836944580078,0.20068931579589844,9.539807319641113,0.16289710998535156,7.300145149230957
21000,1.5033807754516602,105.4591646194458,1.0755691528320312,62.38919734954834,0.22274112701416016,16.818238258361816,0.20068931579589844,9.540047645568848,0.16289710998535156,7.300305366516113
21200,1.503514289855957,106.01881790161133,1.0754623413085938,63.5079927444458,0.23373031616210938,16.818371772766113,0.20068931579589844,9.540207862854004,0.16289710998535156,7.860443115234375
21400,1.5254669189453125,108.81598281860352,1.1084861755371094,64.62687015533447,0.23373031616210938,16.818425178527832,0.20068931579589844,9.540127754211426,0.16289710998535156,7.860496520996094
21600,1.5473127365112305,111.05373477935791,1.1085395812988281,65.18665504455566,0.2338104248046875,16.818318367004395,0.20068931579589844,9.540234565734863,0.16289710998535156,7.860683441162109
21800,1.5912961959838867,112.17263793945312,1.1085929870605469,66.86494159698486,0.24480056762695312,16.818745613098145,0.20068931579589844,9.54036808013916,0.16289710998535156,7.860736846923828
22000,1.6242341995239258,114.41044330596924,1.1414833068847656,66.86488819122314,0.24480056762695312,16.818825721740723,0.20068931579589844,9.540474891662598,0.16289710998535156,7.860870361328125
22200,1.6352500915527344,114.96982955932617,1.179006576538086,67.98384380340576,0.24480056762695312,17.379070281982422,0.20068931579589844,9.540608406066895,0.1628704071044922,7.860790252685547
22400,1.6462678909301758,114.96990966796875,1.1901016235351562,68.54322814941406,0.24477386474609375,17.37917709350586,0.20068931579589844,9.540608406066895,0.1628704071044922,7.860870361328125
22600,1.6464014053344727,115.52934741973877,1.2012510299682617,68.54330825805664,0.2667503356933594,17.379364013671875,0.20068931579589844,9.540848731994629,0.1628704071044922,7.861003875732422
22800,1.6464014053344727,116.64825057983398,1.201277732849121,68.54325485229492,0.26677703857421875,17.379337310791016,0.20068931579589844,9.540875434875488,0.1628704071044922,7.861164093017578
23000,1.6574172973632812,117.20769023895264,1.212453842163086,68.54322814941406,0.2777681350708008,17.939420700073242,0.20068931579589844,9.541035652160645,0.1628704071044922,7.861137390136719
23200,1.690415382385254,120.00493717193604,1.223496437072754,69.10261249542236,0.2778749465942383,17.9395809173584,0.20068931579589844,9.5411958694458,0.16289710998535156,7.861351013183594
23400,1.6904687881469727,120.56437683105469,1.2234430313110352,69.1027193069458,0.27792835235595703,17.939714431762695,0.20066261291503906,9.541356086730957,0.16289710998535156,7.861484527587891
23600,1.7234392166137695,121.68341732025146,1.2234697341918945,69.10269260406494,0.27792835235595703,19.05966854095459,0.21167945861816406,9.541382789611816,0.16289710998535156,7.861457824707031
23800,1.7453374862670898,122.80248165130615,1.2233896255493164,69.66229152679443,0.27792835235595703,19.05972194671631,0.21167945861816406,9.541543006896973,0.16289710998535156,7.861537933349609
24000,1.7673444747924805,123.92127895355225,1.223496437072754,70.7811164855957,0.27792835235595703,19.059855461120605,0.21170616149902344,9.54164981842041,0.16289710998535156,7.861804962158203
24200,1.8271141052246094,125.5996446609497,1.2343521118164062,72.4595890045166,0.28894615173339844,19.619908332824707,0.21170616149902344,9.541569709777832,0.16289710998535156,7.861965179443359
24400,1.8272743225097656,126.15921783447266,1.245448112487793,72.45969581604004,0.2999086380004883,19.62014865875244,0.21167945861816406,9.541756629943848,0.16289710998535156,7.862205505371094
24600,1.8273544311523438,127.27806854248047,1.2674264907836914,73.57862758636475,0.3218860626220703,19.62025547027588,0.21170616149902344,9.541996955871582,0.16289710998535156,7.862392425537109
24800,1.838104248046875,129.51579666137695,1.2675065994262695,74.13806533813477,0.3218860626220703,19.62014865875244,0.21170616149902344,9.542157173156738,0.16289710998535156,7.86236572265625
25000,1.8381576538085938,131.7536563873291,1.267533302307129,75.25712966918945,0.3218860626220703,19.62020206451416,0.21170616149902344,9.542157173156738,0.16289710998535156,7.862632751464844
25200,1.8491744995117188,132.31317520141602,1.2675065994262695,76.37600135803223,0.3219127655029297,19.620415687561035,0.21170616149902344,9.542263984680176,0.16289710998535156,7.862606048583984
25400,1.8601922988891602,132.8725881576538,1.267533302307129,76.93554592132568,0.32193946838378906,19.620415687561035,0.21170616149902344,9.54250431060791,0.16289710998535156,7.862632751464844
25600,1.9041032791137695,135.11039352416992,1.2784690856933594,78.05445098876953,0.33295249938964844,19.620469093322754,0.21167945861816406,9.542557716369629,0.16289710998535156,7.862979888916016
25800,1.9481992721557617,136.2293243408203,1.2786293029785156,78.61388778686523,0.3329792022705078,19.62057590484619,0.21167945861816406,9.542691230773926,0.16289710998535156,7.863006591796875
26000,1.9591350555419922,137.34822940826416,1.300370216369629,80.29233455657959,0.3329792022705078,19.620816230773926,0.21170616149902344,9.542717933654785,0.16289710998535156,7.863006591796875
26200,1.9701261520385742,138.46713161468506,1.3115472793579102,80.29228115081787,0.3329792022705078,19.620816230773926,0.21170616149902344,9.542744636535645,0.1628704071044922,7.863166809082031
26400,1.9701261520385742,140.70491218566895,1.3225345611572266,80.85158634185791,0.343994140625,19.620762825012207,0.2227497100830078,9.542798042297363,0.1628704071044922,7.86322021484375
26600,1.9922399520874023,141.26432514190674,1.3445405960083008,81.41126537322998,0.343994140625,19.62108325958252,0.2227497100830078,9.543038368225098,0.16289710998535156,7.86322021484375
26800,1.992213249206543,142.9425859451294,1.35552978515625,81.41139888763428,0.34394073486328125,19.621216773986816,0.2227764129638672,9.543492317199707,0.16289710998535156,7.863780975341797
27000,2.0031747817993164,144.06156826019287,1.3555564880371094,82.53027629852295,0.34394073486328125,19.621243476867676,0.2227497100830078,9.543545722961426,0.16289710998535156,7.863887786865234
27200,2.014164924621582,144.06159496307373,1.3556098937988281,82.53040981292725,0.3550100326538086,19.621243476867676,0.2227497100830078,9.543545722961426,0.16289710998535156,7.8639678955078125
27400,2.03627872467041,144.6209545135498,1.3555564880371094,83.08984851837158,0.3550901412963867,19.621350288391113,0.2227764129638672,9.543679237365723,0.16289710998535156,7.864288330078125
27600,2.047161102294922,145.73991203308105,1.3555030822753906,84.20872688293457,0.35506343841552734,19.621323585510254,0.2227497100830078,9.543839454650879,0.16289710998535156,7.8643951416015625
27800,2.0691938400268555,147.9775047302246,1.3555831909179688,84.20883369445801,0.35503673553466797,19.62148380279541,0.2227764129638672,9.543866157531738,0.16289710998535156,7.864421844482422
28000,2.0799713134765625,149.65590286254883,1.366572380065918,85.32784366607666,0.35506343841552734,19.621750831604004,0.2227764129638672,9.543919563293457,0.16289710998535156,7.864528656005859
28200,2.0912017822265625,150.21552848815918,1.366652488708496,85.32789707183838,0.35514354705810547,19.621777534484863,0.2227764129638672,9.543972969055176,0.16289710998535156,7.864555358886719
28400,2.102273941040039,151.334379196167,1.3667058944702148,85.32797718048096,0.35506343841552734,19.622017860412598,0.2227764129638672,9.544400215148926,0.16289710998535156,7.864849090576172
28600,2.12412166595459,152.45328330993652,1.3886585235595703,87.00626564025879,0.3551168441772461,20.18209934234619,0.2227764129638672,9.544800758361816,0.1628704071044922,7.865196228027344
28800,2.124148368835449,153.01269626617432,1.4108257293701172,87.56581115722656,0.3551168441772461,20.18209934234619,0.2227764129638672,9.54504108428955,0.1628704071044922,7.865596771240234
29000,2.146289825439453,154.13157749176025,1.4217891693115234,88.12540912628174,0.36607933044433594,20.18212604522705,0.2227764129638672,9.545147895812988,0.16289710998535156,7.86578369140625
29200,2.1571731567382812,156.36949062347412,1.454625129699707,88.12548923492432,0.3771486282348633,20.182312965393066,0.2227764129638672,9.545228004455566,0.16289710998535156,7.865917205810547
29400,2.1682701110839844,158.60724639892578,1.4657230377197266,89.24436664581299,0.3771486282348633,20.182286262512207,0.2227764129638672,9.545254707336426,0.16289710998535156,7.865943908691406
29600,2.179287910461426,160.28561305999756,1.4876766204833984,90.36326885223389,0.37717533111572266,20.182286262512207,0.2227497100830078,9.545201301574707,0.16289710998535156,7.866077423095703
29800,2.179287910461426,161.40470504760742,1.4875965118408203,90.92281532287598,0.3771219253540039,20.182393074035645,0.2227764129638672,9.545361518859863,0.16289710998535156,7.866077423095703
30000,2.1901721954345703,161.96417140960693,1.509627342224121,90.92276191711426,0.3881359100341797,20.182499885559082,0.2227764129638672,9.545601844787598,0.16289710998535156,7.866130828857422
30200,2.190305709838867,162.52366256713867,1.5316314697265625,90.9227352142334,0.3990974426269531,20.74255657196045,0.2227764129638672,9.545628547668457,0.16289710998535156,7.8662109375
30400,2.1903324127197266,164.76155376434326,1.5317115783691406,92.04166603088379,0.3991241455078125,20.74255657196045,0.2227764129638672,9.545628547668457,0.16289710998535156,7.866237640380859
30600,2.2122573852539062,164.7615270614624,1.5316848754882812,92.60115909576416,0.39917755126953125,20.742716789245605,0.2227764129638672,9.545868873596191,0.16289710998535156,7.8665313720703125
30800,2.212310791015625,166.99914932250977,1.5316848754882812,93.72014331817627,0.3992042541503906,21.86264419555664,0.2337656021118164,9.546109199523926,0.16289710998535156,7.866477966308594
31000,2.2232484817504883,166.99922943115234,1.5535316467285156,95.95797157287598,0.3992042541503906,21.862777709960938,0.23379230499267578,10.106114387512207,0.16289710998535156,7.8667449951171875
31200,2.2562198638916016,166.9992561340332,1.575592041015625,95.95791816711426,0.4102210998535156,21.862590789794922,0.23379230499267578,10.106141090393066,0.16289710998535156,7.867038726806641
31400,2.2671566009521484,168.11818981170654,1.5756454467773438,97.63625907897949,0.43212127685546875,21.86269760131836,0.23379230499267578,10.106301307678223,0.16289710998535156,7.867145538330078
31600,2.2782812118530273,169.2370662689209,1.586714744567871,97.63647270202637,0.4321746826171875,21.862831115722656,0.2448101043701172,10.106514930725098,0.16289710998535156,7.867332458496094
31800,2.3111705780029297,170.35594654083252,1.586714744567871,98.19582843780518,0.4321479797363281,21.862857818603516,0.2447834014892578,10.10680866241455,0.16289710998535156,7.8675994873046875
32000,2.311330795288086,170.91533184051514,1.5975170135498047,98.75507926940918,0.4431896209716797,22.422913551330566,0.24486351013183594,10.106968879699707,0.16289710998535156,7.8678131103515625
32200,2.322188377380371,170.915358543396,1.6086158752441406,99.31462287902832,0.44321632385253906,22.42312717437744,0.24486351013183594,10.107182502746582,0.16289710998535156,7.867973327636719
32400,2.34414005279541,172.5936985015869,1.6305932998657227,100.43360424041748,0.4431896209716797,22.42323398590088,0.25582408905029297,10.107396125793457,0.16289710998535156,7.868000030517578
32600,2.366147994995117,173.15313720703125,1.6415824890136719,100.43371105194092,0.4432964324951172,22.423501014709473,0.25582408905029297,10.107502937316895,0.16289710998535156,7.868133544921875
32800,2.3771371841430664,173.1531639099121,1.6525993347167969,100.99322891235352,0.4432964324951172,22.423768043518066,0.2558774948120117,10.107850074768066,0.16289710998535156,7.868507385253906
33000,2.3881521224975586,174.27211952209473,1.6525726318359375,101.55261421203613,0.4541788101196289,22.423874855041504,0.2558774948120117,10.1080904006958,0.16289710998535156,7.868560791015625
33200,2.409998893737793,175.390944480896,1.6635627746582031,103.23103618621826,0.4542055130004883,22.423768043518066,0.2558774948120117,10.108330726623535,0.16289710998535156,7.868934631347656
33400,2.420989990234375,175.39086437225342,1.6745777130126953,104.90929698944092,0.4541788101196289,22.98393154144287,0.25585079193115234,10.10854434967041,0.16289710998535156,7.8693084716796875
33600,2.4539833068847656,177.0693416595459,1.6746044158935547,104.90935039520264,0.45423221588134766,22.983824729919434,0.25585079193115234,10.108757972717285,0.16289710998535156,7.869441986083984
33800,2.4541168212890625,177.62880611419678,1.674631118774414,104.9093770980835,0.45425891876220703,23.54385471343994,0.2558774948120117,10.108918190002441,0.16289710998535156,7.869682312011719
34000,2.4540367126464844,177.62875270843506,1.6857280731201172,104.90932369232178,0.45425891876220703,23.544095039367676,0.2558774948120117,10.108918190002441,0.16289710998535156,7.869895935058594
34200,2.4541702270507812,178.747576713562,1.6966361999511719,104.90932369232178,0.45425891876220703,23.544228553771973,0.25585079193115234,10.109078407287598,0.16289710998535156,7.870189666748047
34400,2.4541168212890625,179.30706787109375,1.6966361999511719,104.90943050384521,0.4652223587036133,23.544495582580566,0.25585079193115234,10.109238624572754,0.16289710998535156,7.8703765869140625
34600,2.465134620666504,179.86650562286377,1.74053955078125,104.90956401824951,0.46527576446533203,23.54478931427002,0.2558774948120117,10.109612464904785,0.16289710998535156,7.870643615722656
34800,2.487009048461914,181.544846534729,1.740753173828125,105.46918678283691,0.4653291702270508,23.544869422912598,0.25585079193115234,10.109745979309082,0.16289710998535156,7.870750427246094
35000,2.4981298446655273,182.6637773513794,1.7406997680664062,106.02862548828125,0.4762125015258789,24.104978561401367,0.25585079193115234,10.109772682189941,0.16289710998535156,7.87091064453125
35200,2.5201101303100586,184.34212017059326,1.7518224716186523,107.14742374420166,0.4762125015258789,24.105165481567383,0.25585079193115234,10.1097993850708,0.16289710998535156,7.87091064453125
35400,2.553053855895996,185.4609203338623,1.773667335510254,107.70694351196289,0.47626590728759766,24.1053524017334,0.25585079193115234,10.109986305236816,0.16289710998535156,7.871070861816406
35600,2.5532140731811523,186.02049255371094,1.7736940383911133,109.38536548614502,0.4763193130493164,24.10532569885254,0.2558774948120117,10.110093116760254,0.16289710998535156,7.871257781982422
35800,2.6081132888793945,186.57993030548096,1.7956743240356445,110.50410747528076,0.4872283935546875,24.665302276611328,0.2558774948120117,10.110199928283691,0.16289710998535156,7.871284484863281
36000,2.6190242767333984,187.13931465148926,1.828721046447754,110.50426769256592,0.4873085021972656,24.665355682373047,0.2558774948120117,10.110306739807129,0.16289710998535156,7.871337890625
36200,2.6190242767333984,187.69875240325928,1.839655876159668,110.5043478012085,0.4873619079589844,25.225543975830078,0.2558774948120117,10.110600471496582,0.16289710998535156,7.871685028076172
36400,2.6299057006835938,190.49602508544922,1.8396291732788086,111.62319660186768,0.4873085021972656,25.225597381591797,0.2558774948120117,10.11068058013916,0.16289710998535156,7.8718719482421875
36600,2.6519393920898438,191.055438041687,1.839735984802246,112.1825008392334,0.48728179931640625,25.22583770751953,0.2558774948120117,10.110840797424316,0.16289710998535156,7.872032165527344
36800,2.651966094970703,192.1743392944336,1.8726482391357422,112.74212551116943,0.487335205078125,25.225997924804688,0.2559041976928711,10.110840797424316,0.16289710998535156,7.872272491455078
37000,2.68496036529541,192.73388576507568,1.8836908340454102,113.86102867126465,0.48728179931640625,25.22626495361328,0.2558774948120117,10.110947608947754,0.16289710998535156,7.872352600097656
37200,2.684880256652832,195.531081199646,1.8945465087890625,114.9799575805664,0.48728179931640625,25.22626495361328,0.2558774948120117,10.11110782623291,0.16289710998535156,7.872539520263672
37400,2.6849069595336914,195.531081199646,1.916579246520996,115.53955554962158,0.49829959869384766,25.226184844970703,0.2559041976928711,10.111241340637207,0.16289710998535156,7.87261962890625
37600,2.685093879699707,196.0905475616455,1.916499137878418,115.539475440979,0.4983530044555664,25.226478576660156,0.2559041976928711,10.111481666564941,0.16289710998535156,7.872753143310547
37800,2.7180356979370117,196.09052085876465,1.927729606628418,116.09888744354248,0.49832630157470703,25.226585388183594,0.2558774948120117,10.111615180969238,0.16289710998535156,7.873020172119141
38000,2.729024887084961,196.6500654220581,1.9277563095092773,116.65843200683594,0.4982728958129883,25.226665496826172,0.2558774948120117,10.111855506896973,0.16289710998535156,7.872993469238281
38200,2.739882469177246,198.88784885406494,1.9386672973632812,116.65851211547852,0.49832630157470703,25.22669219970703,0.2558774948120117,10.11198902130127,0.16289710998535156,7.873126983642578
38400,2.739935874938965,200.00670051574707,1.9385604858398438,116.65851211547852,0.4983797073364258,25.226959228515625,0.2558774948120117,10.112309455871582,0.16289710998535156,7.873500823974609
38600,2.7619409561157227,201.68506908416748,1.9606437683105469,117.21800327301025,0.509343147277832,25.226959228515625,0.2559041976928711,10.112469673156738,0.16289710998535156,7.873527526855469
38800,2.7619409561157227,202.2445878982544,2.009317398071289,117.77754783630371,0.5094232559204102,25.227092742919922,0.2559041976928711,10.112576484680176,0.16289710998535156,7.873500823974609
39000,2.7729320526123047,202.80402660369873,2.0204906463623047,118.33703994750977,0.520411491394043,25.22719955444336,0.2559041976928711,10.112709999084473,0.16289710998535156,7.873634338378906
39200,2.784083366394043,203.36349296569824,2.020437240600586,118.33709335327148,0.5313739776611328,25.22754669189453,0.2559041976928711,10.113003730773926,0.16289710998535156,7.873847961425781
39400,2.8059844970703125,203.92279815673828,2.0533809661865234,118.33703994750977,0.5313739776611328,25.22760009765625,0.2559041976928711,10.112977027893066,0.16289710998535156,7.874088287353516
39600,2.8169736862182617,206.1605806350708,2.053407669067383,118.33709335327148,0.5314006805419922,25.22762680053711,0.2559041976928711,10.113137245178223,0.16289710998535156,7.874275207519531
39800,2.827962875366211,207.2794303894043,2.053220748901367,118.89666557312012,0.5314006805419922,25.7876033782959,0.2559041976928711,10.113297462463379,0.16289710998535156,7.874382019042969
40000,2.850050926208496,207.83892250061035,2.053354263305664,118.89666557312012,0.5313739776611328,25.787763595581055,0.2559041976928711,10.113564491271973,0.16289710998535156,7.8744354248046875
40200,2.849970817565918,208.3984146118164,2.064316749572754,120.01546382904053,0.5423898696899414,26.34774112701416,0.2559041976928711,10.113911628723145,0.16289710998535156,7.8746490478515625
40400,2.8610143661499023,209.51739692687988,2.0754146575927734,120.01557064056396,0.5423898696899414,26.347847938537598,0.2559041976928711,10.114151954650879,0.16289710998535156,7.874755859375
40600,2.8609609603881836,211.19565963745117,2.0754146575927734,121.13449764251709,0.542363166809082,26.348061561584473,0.2559041976928711,10.114285469055176,0.16289710998535156,7.875129699707031
40800,2.8721113204956055,212.87389469146729,2.075307846069336,122.2534294128418,0.5424165725708008,26.348061561584473,0.2559041976928711,10.114312171936035,0.16289710998535156,7.875209808349609
41000,2.8831262588500977,212.87410831451416,2.075441360473633,122.25353622436523,0.5533809661865234,26.34814167022705,0.2559041976928711,10.11449909210205,0.16289710998535156,7.875316619873047
41200,2.894010543823242,212.87402820587158,2.0754947662353516,122.25353622436523,0.5534610748291016,26.348328590393066,0.2559041976928711,10.114899635314941,0.16289710998535156,7.875743865966797
41400,2.9051618576049805,213.9931468963623,2.1086244583129883,122.8128662109375,0.5534877777099609,26.348328590393066,0.2559041976928711,10.115033149719238,0.16289710998535156,7.875957489013672
41600,2.927060127258301,213.99312019348145,2.119586944580078,122.8128662109375,0.5645036697387695,26.348435401916504,0.2558774948120117,10.675116539001465,0.16289710998535156,7.875957489013672
41800,2.9489870071411133,215.6715431213379,2.119586944580078,122.81302642822266,0.5644502639770508,26.90846538543701,0.2559041976928711,10.675276756286621,0.16289710998535156,7.876010894775391
42000,2.9708051681518555,216.79042053222656,2.119586944580078,122.81318664550781,0.564396858215332,26.90854549407959,0.2559041976928711,10.675276756286621,0.16289710998535156,7.876224517822266
42200,2.9820613861083984,216.7903938293457,2.1305227279663086,123.37251853942871,0.5644769668579102,26.908625602722168,0.2559041976928711,10.6753568649292,0.16289710998535156,7.876224517822266
42400,2.981874465942383,217.349778175354,2.1524457931518555,123.37249183654785,0.5864839553833008,26.90859889984131,0.2668943405151367,10.675463676452637,0.16289710998535156,7.87646484375
42600,3.0259408950805664,219.58769416809082,2.16348934173584,123.9318790435791,0.586430549621582,26.908652305603027,0.2668943405151367,10.675677299499512,0.16289710998535156,7.8767852783203125
42800,3.0260744094848633,220.14707946777344,2.174478530883789,123.93193244934082,0.6084384918212891,26.908732414245605,0.2668943405151367,10.675810813903809,0.16289710998535156,7.877105712890625
43000,3.047945022583008,222.9441909790039,2.1854429244995117,125.05081081390381,0.6083850860595703,26.908732414245605,0.2668943405151367,10.676077842712402,0.16289710998535156,7.877185821533203
43200,3.0809144973754883,224.6227207183838,2.2074499130249023,126.1697645187378,0.6194276809692383,27.468762397766113,0.2669210433959961,10.67618465423584,0.16289710998535156,7.877452850341797
43400,3.102787971496582,225.74162578582764,2.218440055847168,127.28877544403076,0.6194276809692383,28.028898239135742,0.2779378890991211,11.236215591430664,0.16289710998535156,7.877613067626953
43600,3.102921485900879,226.8604507446289,2.2184133529663086,128.967116355896,0.6194276809692383,28.02895164489746,0.2779378890991211,11.236349105834961,0.16289710998535156,7.877773284912109
43800,3.102841377258301,227.41994190216064,2.2402877807617188,129.52671337127686,0.6195611953735352,28.0290584564209,0.28898143768310547,11.236509323120117,0.16289710998535156,7.8780670166015625
44000,3.1139659881591797,229.09833812713623,2.2402877807617188,130.0860719680786,0.6305503845214844,28.029165267944336,0.28898143768310547,11.236936569213867,0.16289710998535156,7.878307342529297
44200,3.157895088195801,229.65799236297607,2.273283004760742,131.20494747161865,0.6415939331054688,28.029218673706055,0.28900814056396484,11.236989974975586,0.16289710998535156,7.878547668457031
44400,3.1797399520874023,230.2173776626587,2.2842187881469727,131.20508098602295,0.6525287628173828,28.02935218811035,0.28900814056396484,11.237096786499023,0.16289710998535156,7.878974914550781
44600,3.212709426879883,230.77673816680908,2.2842187881469727,132.32403659820557,0.6525821685791016,28.02948570251465,0.28900814056396484,11.237203598022461,0.16289710998535156,7.879161834716797
44800,3.2238855361938477,231.89558792114258,2.306333541870117,132.324143409729,0.6526355743408203,28.029672622680664,0.28900814056396484,11.23723030090332,0.16289710998535156,7.879322052001953
45000,3.223832130432129,232.4550552368164,2.3063602447509766,133.44312477111816,0.6526355743408203,28.02985954284668,0.28900814056396484,11.237417221069336,0.16289710998535156,7.879669189453125
45200,3.234823226928711,234.1334524154663,2.3063602447509766,133.44299125671387,0.6526355743408203,28.030019760131836,0.3109617233276367,11.237604141235352,0.16289710998535156,7.879749298095703
